City_ID,City,Country,Date,Lat,Lng,Max Temp,Humidity,Cloudiness,Wind Speed
0,Jamestown,US,2020-07-09 15:50:09,42.1,-79.24,82.4,61,20,3.36
1,Yerbogachen,RU,2020-07-09 15:49:05,61.28,108.01,53.53,91,54,2.89
2,Kapaa,US,2020-07-09 15:50:06,22.08,-159.32,77.0,83,75,13.87
3,Bukama,CD,2020-07-09 15:52:48,-9.2,25.85,85.37,23,0,3.8
4,Bredasdorp,ZA,2020-07-09 15:50:28,-34.53,20.04,55.4,87,100,17.22
5,Cabo San Lucas,MX,2020-07-09 15:50:05,22.89,-109.91,86.0,74,20,10.29
6,Mataura,NZ,2020-07-09 15:50:06,-46.19,168.86,42.87,92,94,5.61
7,Severo-Kurilsk,RU,2020-07-09 15:50:34,50.68,156.12,48.69,94,100,16.58
8,Cidreira,BR,2020-07-09 15:50:26,-30.18,-50.21,55.54,62,0,19.42
9,Cape Town,ZA,2020-07-09 15:46:49,-33.93,18.42,55.0,93,75,16.11
10,Saint-Francois,FR,2020-07-09 15:52:49,46.42,3.91,91.4,26,24,9.17
11,Whitehorse,CA,2020-07-09 15:52:49,60.72,-135.05,50.0,76,75,8.05
12,Ust-Kut,RU,2020-07-09 15:52:50,56.79,105.77,58.41,87,56,4.5
13,Fiche,ET,2020-07-09 15:52:50,9.8,38.73,56.7,86,46,2.24
14,Esperance,AU,2020-07-09 15:50:20,-33.87,121.9,48.2,76,90,6.93
15,Rikitea,PF,2020-07-09 15:50:09,-23.12,-134.97,68.07,62,4,16.35
16,Saldanha,ZA,2020-07-09 15:51:37,-33.01,17.94,55.4,93,100,6.93
17,Busselton,AU,2020-07-09 15:50:13,-33.65,115.33,45.0,86,3,8.59
18,Maningrida,AU,2020-07-09 15:51:19,-12.07,134.27,70.11,89,19,10.02
19,Upernavik,GL,2020-07-09 15:50:13,72.79,-56.15,43.99,63,38,9.44
20,Port Lincoln,AU,2020-07-09 15:51:40,-34.73,135.87,53.69,54,100,14.36
21,Qaanaaq,GL,2020-07-09 15:50:08,77.48,-69.36,47.82,51,2,7.87
22,Saskylakh,RU,2020-07-09 15:50:12,71.92,114.08,49.08,68,50,11.95
23,Albany,US,2020-07-09 15:47:02,42.6,-73.97,84.0,79,4,2.84
24,Saint George,US,2020-07-09 15:50:10,37.1,-113.58,81.0,9,1,5.82
25,Zhaodong,CN,2020-07-09 15:52:51,46.08,125.98,69.8,94,0,2.24
26,Yumen,CN,2020-07-09 15:52:51,40.28,97.2,74.44,19,0,8.77
27,Kununurra,AU,2020-07-09 15:50:47,-15.77,128.73,59.0,33,33,8.75
28,Husavik,IS,2020-07-09 15:51:14,66.04,-17.34,51.8,62,75,19.46
29,Hermanus,ZA,2020-07-09 15:50:06,-34.42,19.23,52.0,95,100,8.01
30,Atuona,PF,2020-07-09 15:50:08,-9.8,-139.03,79.34,75,14,14.16
31,Nome,US,2020-07-09 15:50:20,64.5,-165.41,50.0,93,75,8.05
32,Saint-Philippe,RE,2020-07-09 15:50:26,-21.36,55.77,69.8,83,75,18.34
33,Hithadhoo,MV,2020-07-09 15:50:37,-0.6,73.08,85.17,68,100,4.14
34,Luderitz,NA,2020-07-09 15:50:15,-26.65,15.16,62.6,67,96,13.87
35,Provideniya,RU,2020-07-09 15:50:44,64.38,-173.3,49.21,87,36,1.34
36,Puerto Ayora,EC,2020-07-09 15:50:06,-0.74,-90.35,68.0,95,98,5.01
37,Padang,ID,2020-07-09 15:46:01,-0.95,100.35,77.49,80,100,4.97
38,Susehri,TR,2020-07-09 15:52:53,40.16,38.09,68.79,59,89,6.98
39,Faanui,PF,2020-07-09 15:51:11,-16.48,-151.75,76.06,80,30,24.38
40,Bluff,NZ,2020-07-09 15:50:08,-46.6,168.33,49.66,75,96,20.38
41,Manado,ID,2020-07-09 15:52:54,1.49,124.85,77.0,88,20,2.24
42,Oranjemund,NA,2020-07-09 15:52:54,-28.55,16.43,59.2,65,44,18.25
43,Vaini,TO,2020-07-09 15:50:08,-21.2,-175.2,71.6,94,75,5.82
44,Pevek,RU,2020-07-09 15:50:12,69.7,170.31,49.87,67,89,3.91
45,Ushuaia,AR,2020-07-09 15:49:32,-54.8,-68.3,35.6,74,40,3.36
46,Hovd,MN,2020-07-09 15:51:46,48.01,91.64,62.37,50,11,3.85
47,Port Alfred,ZA,2020-07-09 15:50:10,-33.59,26.89,82.99,26,89,4.0
48,Tiksi,RU,2020-07-09 15:51:03,71.69,128.87,33.69,94,100,8.86
49,Ilhabela,BR,2020-07-09 15:50:08,-23.78,-45.36,68.67,73,81,10.69
50,Kashi,CN,2020-07-09 15:52:55,39.45,75.98,77.0,33,40,8.95
51,Bambous Virieux,MU,2020-07-09 15:50:56,-20.34,57.76,72.0,60,40,17.22
52,Miles City,US,2020-07-09 15:52:56,46.41,-105.84,66.2,52,1,5.82
53,Nikolskoye,RU,2020-07-09 15:50:29,59.7,30.79,64.4,48,20,6.71
54,Namatanai,PG,2020-07-09 15:50:21,-3.67,152.43,79.5,81,41,7.05
55,Port Elizabeth,ZA,2020-07-09 15:50:10,-33.92,25.57,71.6,37,72,17.22
56,Lasa,IT,2020-07-09 15:52:56,46.62,10.7,69.8,56,64,6.93
57,Nelson Bay,AU,2020-07-09 15:52:56,-32.72,152.15,54.0,100,94,4.7
58,Auki,SB,2020-07-09 15:52:57,-8.77,160.7,77.67,87,23,4.5
59,Morondava,MG,2020-07-09 15:51:32,-20.28,44.28,75.33,68,0,11.05
60,Harwich,GB,2020-07-09 15:52:57,51.94,1.28,66.0,90,100,3.0
61,Punta Arenas,CL,2020-07-09 15:45:09,-53.15,-70.92,35.6,77,75,23.04
62,Thompson,CA,2020-07-09 15:45:14,55.74,-97.86,60.8,93,75,12.75
63,East London,ZA,2020-07-09 15:50:12,-33.02,27.91,78.71,32,100,13.29
64,Walvis Bay,NA,2020-07-09 15:52:58,-22.96,14.51,62.6,63,3,10.29
65,Yellowknife,CA,2020-07-09 15:50:02,62.46,-114.35,60.8,63,75,3.36
66,Belmonte,BR,2020-07-09 15:52:58,-15.86,-38.88,80.6,65,40,8.05
67,Leningradskiy,RU,2020-07-09 15:51:16,69.38,178.42,45.41,79,39,10.51
68,Aitape,PG,2020-07-09 15:52:58,-3.14,142.35,78.6,84,73,6.55
69,Castro,BR,2020-07-09 15:46:13,-24.79,-50.01,59.31,49,90,6.55
70,Dikson,RU,2020-07-09 15:50:33,73.51,80.55,44.49,81,0,17.22
71,Tasiilaq,GL,2020-07-09 15:50:21,65.61,-37.64,53.6,40,75,14.99
72,Bilma,NE,2020-07-09 15:50:40,18.69,12.92,106.74,11,66,3.83
73,Hambantota,LK,2020-07-09 15:50:39,6.12,81.12,78.8,100,20,2.24
74,Hobart,AU,2020-07-09 15:48:47,-42.88,147.33,39.2,93,0,6.93
75,Khatanga,RU,2020-07-09 15:50:22,71.97,102.5,58.06,59,8,19.73
76,Lingao,CN,2020-07-09 15:51:36,19.91,109.69,84.42,71,100,12.19
77,Viedma,AR,2020-07-09 15:53:00,-40.81,-63.0,51.51,45,100,21.97
78,Mareeba,AU,2020-07-09 15:51:20,-17.0,145.43,70.0,91,52,1.01
79,Hobyo,SO,2020-07-09 15:53:00,5.35,48.53,79.07,75,81,25.75
80,Palmer,US,2020-07-09 15:51:27,42.16,-72.33,87.01,65,40,4.7
81,Sumenep,ID,2020-07-09 15:53:00,-7.02,113.87,79.47,79,62,7.96
82,Sao Raimundo Nonato,BR,2020-07-09 15:53:00,-9.02,-42.7,86.16,45,93,6.35
83,Shizunai,JP,2020-07-09 15:53:00,42.33,142.37,62.85,79,82,2.21
84,Hami,CN,2020-07-09 15:50:25,42.8,93.45,82.29,18,11,16.78
85,Puerto Leguizamo,CO,2020-07-09 15:53:01,-0.19,-74.78,87.75,58,72,2.39
86,Santa Ines,BR,2020-07-09 15:53:01,-3.67,-45.38,87.8,56,11,5.93
87,Celestun,MX,2020-07-09 15:51:27,20.87,-90.4,87.39,61,0,4.03
88,Tura,IN,2020-07-09 15:50:12,25.52,90.22,76.12,96,92,5.84
89,Chuy,UY,2020-07-09 15:50:19,-33.7,-53.46,50.58,71,60,13.87
90,Mandiana,GN,2020-07-09 15:53:01,10.63,-8.68,85.32,66,92,7.63
91,Nobres,BR,2020-07-09 15:53:02,-14.72,-56.33,87.06,39,19,4.88
92,Kaitangata,NZ,2020-07-09 15:50:29,-46.28,169.85,46.99,72,58,8.01
93,San Jeronimo,PE,2020-07-09 15:53:02,-11.95,-75.28,54.45,47,80,2.24
94,Husum,DE,2020-07-09 15:53:02,54.49,9.05,59.0,67,100,6.93
95,Clyde River,CA,2020-07-09 15:50:55,70.47,-68.59,48.2,81,75,11.41
96,Novokizhinginsk,RU,2020-07-09 15:53:02,51.61,109.59,59.38,92,100,2.75
97,Nuuk,GL,2020-07-09 15:50:55,64.18,-51.72,51.8,87,75,33.33
98,Wajima,JP,2020-07-09 15:50:13,37.4,136.9,72.07,86,100,7.96
99,Bandarbeyla,SO,2020-07-09 15:50:25,9.49,50.81,80.01,71,100,33.89
100,Tuktoyaktuk,CA,2020-07-09 15:50:29,69.45,-133.04,35.6,93,90,9.17
101,Butaritari,KI,2020-07-09 15:50:11,3.07,172.79,83.21,76,5,17.09
102,Baijiantan,CN,2020-07-09 15:53:03,45.63,85.18,85.35,19,98,9.35
103,Garden City,US,2020-07-09 15:52:58,42.33,-83.33,89.01,62,40,9.17
104,Avarua,CK,2020-07-09 15:50:14,-21.21,-159.78,75.2,69,76,14.99
105,Zabol,AF,2020-07-09 15:53:04,32.25,67.25,76.8,15,0,14.45
106,Kabardinka,RU,2020-07-09 15:53:04,44.65,37.94,77.0,44,0,13.42
107,Urumqi,CN,2020-07-09 15:53:04,43.8,87.6,80.6,36,98,4.47
108,Oda,JP,2020-07-09 15:53:04,35.18,132.5,72.77,89,100,5.99
109,New Norfolk,AU,2020-07-09 15:50:12,-42.78,147.06,37.0,91,3,3.02
110,Bandarban,BD,2020-07-09 15:53:05,22.2,92.23,82.4,88,75,6.93
111,Miandrivazo,MG,2020-07-09 15:53:05,-19.52,45.47,77.68,39,0,3.38
112,Dubti,ET,2020-07-09 15:53:05,11.74,41.09,100.08,24,47,23.35
113,Bac Lieu,VN,2020-07-09 15:53:05,9.29,105.72,81.21,83,100,5.28
114,Bethel,US,2020-07-09 15:50:27,41.37,-73.41,84.99,69,75,8.05
115,Longyearbyen,SJ,2020-07-09 15:45:42,78.22,15.64,48.2,76,75,14.99
116,Kodiak,US,2020-07-09 15:50:58,57.79,-152.41,55.4,66,90,11.41
117,Ilulissat,GL,2020-07-09 15:50:25,69.22,-51.1,51.8,76,75,12.75
118,Klaksvik,FO,2020-07-09 15:50:22,62.23,-6.59,55.4,66,100,14.99
119,Carutapera,BR,2020-07-09 15:53:06,-1.2,-46.02,85.44,70,4,7.11
120,Winton,US,2020-07-09 15:53:06,37.39,-120.61,73.99,43,1,9.17
121,Dingle,PH,2020-07-09 15:50:32,11.0,122.67,78.03,86,53,2.15
122,Coihaique,CL,2020-07-09 15:50:26,-45.58,-72.07,35.6,93,90,6.93
123,Hasaki,JP,2020-07-09 15:50:33,35.73,140.83,73.4,100,75,5.82
124,Finnsnes,NO,2020-07-09 15:52:53,69.23,17.98,57.2,58,75,9.17
125,Singkang,MY,2020-07-09 15:53:07,2.1,102.8,82.4,78,40,2.24
126,Cumberland,US,2020-07-09 15:51:15,35.05,-78.87,84.0,69,90,12.75
127,Snyder,US,2020-07-09 15:50:50,32.72,-100.92,86.0,55,1,14.99
128,Lebu,CL,2020-07-09 15:50:43,-37.62,-73.65,53.15,94,100,22.48
129,Matamoros,MX,2020-07-09 15:53:07,25.53,-103.25,86.0,40,40,4.7
130,Vila Velha,BR,2020-07-09 15:49:40,-20.33,-40.29,84.99,54,0,5.82
131,Eureka,US,2020-07-09 15:47:12,40.8,-124.16,57.99,100,5,1.01
132,Chingirlau,KZ,2020-07-09 15:53:08,51.09,54.08,83.37,41,0,8.21
133,Ngunguru,NZ,2020-07-09 15:53:08,-35.62,174.5,41.0,96,0,4.0
134,Guerrero Negro,MX,2020-07-09 15:50:07,27.98,-114.06,72.79,62,37,6.22
135,Pochutla,MX,2020-07-09 15:53:08,15.74,-96.47,89.01,70,75,2.73
136,Talnakh,RU,2020-07-09 15:50:48,69.49,88.4,64.4,72,3,17.9
137,Aykhal,RU,2020-07-09 15:51:06,66.0,111.5,64.4,48,90,11.18
138,Awbari,LY,2020-07-09 15:53:09,26.59,12.78,98.46,9,0,13.98
139,Zavodouspenskoye,RU,2020-07-09 15:53:09,56.86,65.02,84.2,58,2,6.71
140,Bengkulu,ID,2020-07-09 15:51:14,-3.8,102.27,76.57,88,100,8.81
141,Korla,CN,2020-07-09 15:51:11,41.76,86.15,84.99,70,100,1.01
142,Souillac,MU,2020-07-09 15:50:59,-20.52,57.52,71.6,60,40,17.22
143,Half Moon Bay,US,2020-07-09 15:49:14,37.46,-122.43,66.0,87,90,9.17
144,Kinarut,MY,2020-07-09 15:53:09,5.82,116.05,77.0,100,20,3.36
145,Ostrovnoy,RU,2020-07-09 15:50:48,68.05,39.51,53.58,92,97,3.71
146,Jiblah,YE,2020-07-09 15:53:10,13.92,44.15,69.75,53,85,2.13
147,Alofi,NU,2020-07-09 15:51:03,-19.06,-169.92,73.4,94,77,4.7
148,Liuzhou,CN,2020-07-09 15:53:10,24.31,109.39,81.19,84,100,9.71
149,Umm Kaddadah,SD,2020-07-09 15:53:10,13.6,26.69,90.46,35,76,3.51
150,Xiongyue,CN,2020-07-09 15:53:10,40.18,122.12,66.16,71,100,5.44
151,Hualmay,PE,2020-07-09 15:53:10,-11.1,-77.61,66.4,66,54,9.91
152,Mao,ES,2020-07-09 15:53:11,39.89,4.27,82.4,51,78,11.41
153,Kalianget,ID,2020-07-09 15:53:11,-7.05,113.93,80.44,78,56,9.95
154,Murray Bridge,AU,2020-07-09 15:53:11,-35.12,139.27,53.01,65,100,5.01
155,Wladyslawowo,PL,2020-07-09 15:53:11,54.79,18.4,69.01,67,96,8.05
156,Jiuquan,CN,2020-07-09 15:53:11,39.74,98.52,76.5,16,0,8.7
157,Panama City,PA,2020-07-09 15:50:21,8.99,-79.52,84.0,88,40,4.68
158,Barrow,US,2020-07-09 15:50:23,71.29,-156.79,33.8,100,90,9.17
159,La Ronge,CA,2020-07-09 15:50:07,55.1,-105.28,59.0,87,90,10.29
160,Mahibadhoo,MV,2020-07-09 15:47:22,3.78,72.97,84.2,72,100,7.83
161,Hofn,IS,2020-07-09 15:50:50,64.25,-15.21,59.0,51,75,13.87
162,Bolivar,US,2020-07-09 15:50:38,37.61,-93.41,79.0,78,84,11.68
163,Berdigestyakh,RU,2020-07-09 15:53:12,62.1,126.7,66.38,53,100,10.51
164,Krasnyy Bogatyr,RU,2020-07-09 15:53:13,56.01,41.13,64.18,71,24,7.92
165,Plettenberg Bay,ZA,2020-07-09 15:53:13,-34.05,23.37,67.03,37,62,14.61
166,Marsh Harbour,BS,2020-07-09 15:49:47,26.54,-77.06,86.14,70,100,10.29
167,Maniitsoq,GL,2020-07-09 15:51:12,65.42,-52.9,43.14,96,100,22.59
168,Hilo,US,2020-07-09 15:50:52,19.73,-155.09,71.6,78,90,4.7
169,Kanker,IN,2020-07-09 15:53:13,20.27,81.49,78.26,83,98,5.95
170,Karratha,AU,2020-07-09 15:53:13,-20.74,116.85,67.5,32,0,7.78
171,Fortuna,US,2020-07-09 15:50:19,40.6,-124.16,55.0,100,90,5.82
172,Kapoeta,SS,2020-07-09 15:53:14,4.77,33.59,82.69,51,54,6.2
173,Pangnirtung,CA,2020-07-09 15:50:13,66.15,-65.71,48.2,76,75,8.05
174,Tezu,IN,2020-07-09 15:51:26,27.92,96.17,75.56,87,100,3.87
175,Aasiaat,GL,2020-07-09 15:53:14,68.71,-52.87,42.06,97,100,7.05
176,Kamloops,CA,2020-07-09 15:53:14,50.67,-120.32,57.2,87,75,3.29
177,San Cristobal,VE,2020-07-09 15:50:31,7.77,-72.22,82.4,51,40,23.04
178,Sangar,RU,2020-07-09 15:53:15,63.92,127.47,64.02,53,58,11.65
179,Port Macquarie,AU,2020-07-09 15:50:28,-31.43,152.92,50.0,97,100,6.02
180,Turukhansk,RU,2020-07-09 15:53:15,65.82,87.98,59.97,78,100,16.93
181,Iracoubo,GF,2020-07-09 15:53:15,5.48,-53.2,82.04,79,52,3.74
182,Santo Antonio Do Ica,BR,2020-07-09 15:51:09,-3.1,-67.94,89.82,50,96,4.36
183,Sioux Lookout,CA,2020-07-09 15:50:30,50.1,-91.92,69.8,83,90,9.17
184,Katsuura,JP,2020-07-09 15:50:56,35.13,140.3,75.0,96,100,3.0
185,Kilrush,IE,2020-07-09 15:53:16,52.64,-9.48,64.4,52,20,10.29
186,Nicoya,CR,2020-07-09 15:53:16,10.15,-85.45,84.2,70,68,5.82
187,Clonakilty,IE,2020-07-09 15:53:16,51.62,-8.87,66.0,67,75,17.22
188,Jining,CN,2020-07-09 15:53:16,35.41,116.58,71.94,77,44,6.13
189,Ryotsu,JP,2020-07-09 15:50:14,38.08,138.43,68.0,100,96,1.12
190,Shache,CN,2020-07-09 15:53:16,38.42,77.24,77.86,24,86,6.46
191,Kahului,US,2020-07-09 15:49:58,20.89,-156.47,73.0,87,3,8.99
192,Olafsvik,IS,2020-07-09 15:50:59,64.89,-23.71,52.36,69,56,11.39
193,Tapa,EE,2020-07-09 15:53:17,59.26,25.96,63.0,67,40,17.22
194,Trairi,BR,2020-07-09 15:53:17,-3.28,-39.27,86.04,59,0,13.44
195,Vostok,RU,2020-07-09 15:53:17,46.49,135.88,53.87,100,93,2.1
196,Uzhur,RU,2020-07-09 15:53:17,55.3,89.83,58.51,89,97,7.9
197,Qingdao,CN,2020-07-09 15:53:18,36.1,120.37,73.0,83,99,4.47
198,Westport,US,2020-07-09 15:51:04,41.14,-73.36,86.0,69,1,5.82
199,Sorata,BO,2020-07-09 15:53:18,-15.77,-68.63,54.3,37,26,8.34
200,Naze,JP,2020-07-09 15:53:18,28.37,129.48,82.4,94,40,8.05
201,Adrar,MR,2020-07-09 15:53:18,20.5,-10.07,109.65,6,3,16.06
202,Reo,BF,2020-07-09 15:53:18,12.32,-2.47,95.16,36,41,7.74
203,Invermere,CA,2020-07-09 15:53:19,50.52,-116.04,62.04,49,94,4.41
204,Phan Thiet,VN,2020-07-09 15:50:37,10.93,108.1,78.93,87,100,0.72
205,Davila,PH,2020-07-09 15:53:19,18.47,120.58,83.35,73,100,3.49
206,Constitucion,CL,2020-07-09 15:50:41,-35.33,-72.42,53.67,53,97,3.96
207,Arraial Do Cabo,BR,2020-07-09 15:50:24,-22.97,-42.03,73.67,83,1,20.18
208,Lerwick,GB,2020-07-09 15:53:19,60.15,-1.15,55.4,82,20,8.05
209,Obo,CF,2020-07-09 15:53:19,5.4,26.49,74.41,90,37,4.0
210,Grand Gaube,MU,2020-07-09 15:50:06,-20.01,57.66,72.0,59,39,5.99
211,Scarborough,GB,2020-07-09 15:53:20,54.28,-0.4,55.99,85,90,1.99
212,Xambioa,BR,2020-07-09 15:53:20,-6.41,-48.54,93.69,28,84,5.32
213,Srandakan,ID,2020-07-09 15:53:20,-7.94,110.25,75.42,86,35,7.11
214,Kirkwall,GB,2020-07-09 15:53:20,58.98,-2.96,57.99,71,40,3.36
215,Omsukchan,RU,2020-07-09 15:51:01,62.53,155.8,50.88,91,94,5.41
216,Lohr,DE,2020-07-09 15:53:21,49.99,9.58,82.99,41,6,4.0
217,Namwala,ZM,2020-07-09 15:53:21,-15.75,26.44,71.87,31,0,2.82
218,Kavaratti,IN,2020-07-09 15:51:11,10.57,72.64,83.37,80,100,13.15
219,Namibe,AO,2020-07-09 15:51:37,-15.2,12.15,71.6,73,0,13.87
220,Ratnagiri,IN,2020-07-09 15:53:21,16.98,73.3,81.01,85,100,6.51
221,Zhanaozen,KZ,2020-07-09 15:48:42,43.3,52.8,95.83,17,76,12.91
222,Ozernovskiy,RU,2020-07-09 15:51:32,51.5,156.52,50.49,92,100,3.2
223,Georgetown,MY,2020-07-09 15:50:19,5.41,100.34,82.4,83,20,4.34
224,Sao Jose Da Coroa Grande,BR,2020-07-09 15:53:22,-8.9,-35.15,79.83,77,34,8.01
225,Muborak,UZ,2020-07-09 15:53:22,39.26,65.15,92.28,14,0,12.71
226,Tarabuco,BO,2020-07-09 15:53:22,-19.17,-64.92,55.11,28,42,2.8
227,Aguas Vermelhas,BR,2020-07-09 15:53:22,-15.75,-41.46,77.86,48,28,2.8
228,Srednekolymsk,RU,2020-07-09 15:51:02,67.45,153.68,53.98,85,95,5.41
229,Tripoli,LY,2020-07-09 15:53:23,32.88,13.19,80.15,67,0,18.72
230,Hervey Bay,AU,2020-07-09 15:53:23,-25.3,152.85,63.0,81,64,4.0
231,Cambridge,CA,2020-07-09 15:51:37,43.36,-80.31,88.0,52,1,8.05
232,Moose Factory,CA,2020-07-09 15:50:47,51.26,-80.61,80.6,61,1,5.82
233,Senanga,ZM,2020-07-09 15:53:23,-16.12,23.27,73.45,26,0,1.48
234,Fairbanks,US,2020-07-09 15:45:47,64.84,-147.72,53.6,100,90,3.36
235,Nyurba,RU,2020-07-09 15:53:24,63.28,118.33,65.73,56,86,5.48
236,Devonport,AU,2020-07-09 15:53:24,-41.17,146.35,50.0,86,82,5.01
237,Comodoro Rivadavia,AR,2020-07-09 15:48:39,-45.87,-67.5,42.8,75,100,6.93
238,Emerald,AU,2020-07-09 15:53:24,-23.53,148.17,64.4,77,90,10.29
239,Carnarvon,AU,2020-07-09 15:50:34,-24.87,113.63,59.0,44,100,10.29
240,Salisbury,GB,2020-07-09 15:53:24,51.07,-1.8,64.99,93,90,11.41
241,Prince Rupert,CA,2020-07-09 15:46:44,54.32,-130.32,55.4,87,90,4.7
242,Cabedelo,BR,2020-07-09 15:47:46,-6.98,-34.83,80.6,78,75,13.87
243,Shiraoi,JP,2020-07-09 15:53:25,42.55,141.35,64.99,100,20,6.93
244,Jambi,ID,2020-07-09 15:53:25,-1.6,103.62,70.95,97,100,2.08
245,Mehriz,IR,2020-07-09 15:53:25,31.59,54.43,98.6,10,40,6.93
246,Ribeira Grande,PT,2020-07-09 15:50:15,38.52,-28.7,73.4,60,40,5.82
247,Capinopolis,BR,2020-07-09 15:53:25,-18.68,-49.57,81.18,46,13,9.82
248,Lavrentiya,RU,2020-07-09 15:51:03,65.58,-171.0,45.72,86,1,1.28
249,Najran,SA,2020-07-09 15:46:44,17.49,44.13,100.4,12,40,11.41
250,Mahebourg,MU,2020-07-09 15:50:40,-20.41,57.7,71.6,60,40,17.22
251,Verkh-Usugli,RU,2020-07-09 15:53:26,52.7,115.17,60.39,95,85,2.48
252,Moroni,KM,2020-07-09 15:53:26,-11.7,43.26,78.8,74,20,16.11
253,College,US,2020-07-09 15:53:26,64.86,-147.8,53.6,93,75,2.17
254,Geraldton,AU,2020-07-09 15:50:59,-28.77,114.6,46.4,87,0,10.29
255,Sao Filipe,CV,2020-07-09 15:51:01,14.9,-24.5,77.32,82,2,18.97
256,Saint-Joseph,RE,2020-07-09 15:53:27,-21.37,55.62,69.8,83,75,18.34
257,Lujan,AR,2020-07-09 15:53:27,-34.57,-59.1,55.99,47,46,14.99
258,Santa Cruz,BO,2020-07-09 15:48:38,-17.8,-63.17,60.8,67,90,13.87
259,Faya,SA,2020-07-09 15:50:49,18.39,42.45,80.6,39,40,11.41
260,Chokurdakh,RU,2020-07-09 15:50:07,70.63,147.92,45.18,79,99,10.85
261,Krasnoborsk,RU,2020-07-09 15:53:27,61.56,45.93,65.97,84,45,9.26
262,Giyani,ZA,2020-07-09 15:53:28,-23.3,30.72,65.03,53,0,3.31
263,Tahta,EG,2020-07-09 15:51:28,26.77,31.5,98.6,25,0,17.22
264,Kutum,SD,2020-07-09 15:51:01,14.2,24.67,86.38,32,70,15.05
265,Tiarei,PF,2020-07-09 15:53:28,-17.53,-149.33,69.8,73,8,3.36
266,Prainha,BR,2020-07-09 15:53:28,-1.8,-53.48,82.63,77,42,4.59
267,Russell,US,2020-07-09 15:52:47,32.35,-85.2,82.4,78,40,4.61
268,Arman,RU,2020-07-09 15:53:28,59.7,150.17,50.67,95,100,0.89
269,Salvador,SV,2020-07-09 15:50:26,13.83,-88.92,89.6,83,20,5.82
270,Mount Gambier,AU,2020-07-09 15:50:20,-37.83,140.77,42.8,87,100,6.93
271,Kattivakkam,IN,2020-07-09 15:53:29,13.22,80.32,86.0,74,40,5.82
272,Bontang,ID,2020-07-09 15:53:29,0.13,117.5,77.22,85,89,5.41
273,Gat,IL,2020-07-09 15:47:01,31.61,34.76,84.99,60,0,1.99
274,Magdagachi,RU,2020-07-09 15:53:29,53.45,125.8,63.46,74,76,6.8
275,Beyneu,KZ,2020-07-09 15:50:31,45.32,55.2,93.11,19,0,6.53
276,Villeneuve-Sur-Lot,FR,2020-07-09 15:53:30,44.5,0.67,90.0,35,0,8.05
277,Kabinda,CD,2020-07-09 15:53:30,-6.13,24.48,85.91,28,12,5.59
278,Cassilandia,BR,2020-07-09 15:53:30,-19.11,-51.73,74.16,58,80,6.2
279,Sovetsk,RU,2020-07-09 15:53:31,55.08,21.88,63.39,65,37,2.44
280,Victoria,HK,2020-07-09 15:45:50,22.29,114.16,86.0,74,100,15.01
281,Norman Wells,CA,2020-07-09 15:50:52,65.28,-126.83,55.4,71,75,2.24
282,Airai,TL,2020-07-09 15:51:00,-8.93,125.41,55.67,100,99,3.94
283,Banda Aceh,ID,2020-07-09 15:50:44,5.56,95.32,80.46,73,100,2.19
284,Port Moresby,PG,2020-07-09 15:51:35,-9.44,147.18,77.0,94,20,11.41
285,Mnogovershinnyy,RU,2020-07-09 15:53:31,53.94,139.92,47.8,100,100,3.18
286,Sitka,US,2020-07-09 15:50:17,57.05,-135.33,53.6,93,90,4.7
287,Aksarayskiy,RU,2020-07-09 15:53:32,46.79,48.01,89.6,33,40,6.71
288,Atasu,KZ,2020-07-09 15:53:32,48.68,71.64,71.96,50,4,8.93
289,Lenger,KZ,2020-07-09 15:53:32,42.18,69.88,86.0,25,9,2.28
290,Santa Vitoria Do Palmar,BR,2020-07-09 15:53:32,-33.52,-53.37,49.64,73,58,13.2
291,Methoni,GR,2020-07-09 15:53:32,36.82,21.7,80.01,69,75,11.41
292,Broken Hill,AU,2020-07-09 15:51:37,-31.95,141.43,50.0,61,40,9.17
293,Lompoc,US,2020-07-09 15:50:11,34.64,-120.46,53.6,93,0,2.84
294,Argayash,RU,2020-07-09 15:53:33,55.49,60.88,86.0,33,0,5.37
295,Hirara,JP,2020-07-09 15:50:24,24.8,125.28,84.65,83,100,19.51
296,Ponta Do Sol,PT,2020-07-09 15:50:17,32.67,-17.1,77.0,65,20,14.99
297,Wattegama,LK,2020-07-09 15:53:33,6.8,81.48,78.8,100,20,2.24
298,Inirida,CO,2020-07-09 15:53:34,3.87,-67.92,81.9,77,95,4.03
299,Eufaula,US,2020-07-09 15:53:34,31.89,-85.15,82.0,82,0,1.01
300,Shahrud,IR,2020-07-09 15:53:34,36.42,54.98,80.85,23,0,14.81
301,Tremedal,BR,2020-07-09 15:53:34,-14.98,-41.41,83.07,42,26,3.38
302,Bahia Honda,CU,2020-07-09 15:53:34,22.9,-83.16,87.49,65,26,8.1
303,Kuito,AO,2020-07-09 15:53:34,-12.38,16.93,77.0,17,0,4.7
304,Pitimbu,BR,2020-07-09 15:53:34,-7.47,-34.81,80.6,78,75,13.87
305,Iskitim,RU,2020-07-09 15:53:35,54.64,83.3,68.0,88,40,4.47
306,Scottsbluff,US,2020-07-09 15:53:35,41.87,-103.67,73.0,64,1,3.36
307,Baft,IR,2020-07-09 15:53:35,29.23,56.61,75.81,29,95,9.15
308,Champerico,GT,2020-07-09 15:53:35,14.3,-91.92,86.0,62,100,4.54
309,Salalah,OM,2020-07-09 15:50:08,17.02,54.09,84.2,89,75,10.29
310,Lukovetskiy,RU,2020-07-09 15:53:35,64.3,41.92,66.2,93,90,8.95
311,Conceicao Do Araguaia,BR,2020-07-09 15:51:08,-8.26,-49.26,94.26,26,2,7.16
312,Barranca,PE,2020-07-09 15:53:36,-10.75,-77.77,66.43,66,55,11.32
313,Samarai,PG,2020-07-09 15:53:36,-10.62,150.67,78.39,87,95,20.49
314,Bonanza,NI,2020-07-09 15:53:36,14.03,-84.59,74.95,93,94,2.66
315,Port Blair,IN,2020-07-09 15:51:15,11.67,92.75,81.95,81,100,11.16
316,Pyay,MM,2020-07-09 15:53:36,18.82,95.22,78.1,85,99,5.57
317,Yar-Sale,RU,2020-07-09 15:51:26,66.83,70.83,63.27,58,29,9.8
318,Kilinochchi,LK,2020-07-09 15:53:37,9.4,80.4,79.74,85,98,10.33
319,Tecpan,GT,2020-07-09 15:50:26,14.76,-90.99,69.8,73,40,13.87
320,San Juan De Colon,VE,2020-07-09 15:53:37,8.03,-72.26,82.4,51,40,23.04
321,Wasilla,US,2020-07-09 15:51:25,61.58,-149.44,53.6,100,90,2.59
322,Amapa,BR,2020-07-09 15:53:37,1.0,-52.0,83.53,76,70,4.72
323,Ahipara,NZ,2020-07-09 15:50:49,-35.17,173.17,48.79,80,0,2.08
324,Panguipulli,CL,2020-07-09 15:53:38,-39.63,-72.33,55.4,100,90,25.28
325,Vila,PT,2020-07-09 15:53:38,42.03,-8.16,87.01,47,0,8.99
326,Dicabisagan,PH,2020-07-09 15:53:38,17.08,122.42,81.21,80,63,6.89
327,High Level,CA,2020-07-09 15:50:46,58.52,-117.14,59.0,87,90,5.82
328,Nybro,SE,2020-07-09 15:53:39,56.74,15.91,66.0,72,67,18.34
329,Washington,US,2020-07-09 15:49:59,47.5,-120.5,66.0,53,83,5.01
330,Guapiles,CR,2020-07-09 15:53:39,10.22,-83.79,75.2,64,75,14.99
331,Haines Junction,CA,2020-07-09 15:49:02,60.75,-137.51,53.31,63,79,0.94
332,Palauig,PH,2020-07-09 15:53:39,15.44,119.9,83.17,75,62,3.29
333,San Francisco,US,2020-07-09 15:49:08,37.77,-122.42,63.0,72,20,2.8
334,Creel,MX,2020-07-09 15:53:39,27.75,-107.63,72.32,53,2,2.64
335,Douglas,US,2020-07-09 15:53:18,41.3,-96.17,77.0,69,75,11.41
336,Urengoy,RU,2020-07-09 15:53:40,65.97,78.37,57.97,66,54,18.28
337,Honiara,SB,2020-07-09 15:50:19,-9.43,159.95,73.4,94,40,5.82
338,Esmeraldas,BR,2020-07-09 15:50:31,-19.76,-44.31,77.0,44,0,4.7
339,Talara,PE,2020-07-09 15:53:40,-4.58,-81.27,68.0,72,75,26.4
340,Tucupita,VE,2020-07-09 15:53:40,9.06,-62.05,88.99,56,15,6.33
341,Eydhafushi,MV,2020-07-09 15:53:41,5.1,73.07,84.27,73,100,8.52
342,Hay River,CA,2020-07-09 15:50:06,60.82,-115.8,53.6,100,90,6.93
343,Kloulklubed,PW,2020-07-09 15:53:41,7.04,134.26,77.0,94,75,13.22
344,Mecca,SA,2020-07-09 15:53:41,21.43,39.83,94.86,17,0,15.68
345,Buin,CL,2020-07-09 15:50:17,-33.73,-70.75,51.8,66,75,1.57
346,Mar Del Plata,AR,2020-07-09 15:50:49,-38.0,-57.56,48.99,61,1,8.05
347,Aquiraz,BR,2020-07-09 15:52:18,-3.9,-38.39,82.4,69,75,14.99
348,Syracuse,IT,2020-07-09 15:53:42,37.09,15.28,84.99,61,0,13.87
349,San Patricio,MX,2020-07-09 15:50:29,19.22,-104.7,84.2,79,40,6.93
350,Kruisfontein,ZA,2020-07-09 15:50:28,-34.0,24.73,61.09,55,56,13.62
351,Flin Flon,CA,2020-07-09 15:53:01,54.77,-101.86,59.0,93,75,12.75
352,Hamilton,US,2020-07-09 15:50:04,39.18,-84.53,91.0,66,20,3.36
353,Rawson,AR,2020-07-09 15:48:43,-43.3,-65.1,46.85,66,100,29.75
354,Vayalar,IN,2020-07-09 15:53:43,9.7,76.33,77.0,94,90,5.82
355,Miri,MY,2020-07-09 15:50:58,4.41,114.01,77.0,100,40,4.7
356,Vallenar,CL,2020-07-09 15:53:43,-28.57,-70.76,77.86,13,0,4.05
357,Kirs,RU,2020-07-09 15:53:44,59.34,52.24,79.61,70,10,6.29
358,Charlottesville,US,2020-07-09 15:48:54,38.03,-78.48,86.0,69,40,5.82
359,Mattru,SL,2020-07-09 15:50:52,7.62,-11.83,78.17,91,94,7.27
360,Torbay,CA,2020-07-09 15:50:11,47.67,-52.73,64.99,63,75,9.17
361,Kirakira,SB,2020-07-09 15:51:39,-10.45,161.92,78.57,84,84,12.66
362,Misratah,LY,2020-07-09 15:50:51,32.38,15.09,80.35,64,0,15.21
363,Hoquiam,US,2020-07-09 15:49:10,46.98,-123.89,57.99,93,90,9.17
364,Anloga,GH,2020-07-09 15:53:45,5.79,0.9,82.4,74,20,13.87
365,Aksay,RU,2020-07-09 15:53:45,47.26,39.87,78.8,44,20,11.18
366,Komsomolskiy,UZ,2020-07-09 15:50:44,40.43,71.72,87.8,18,75,6.93
367,Cairns,AU,2020-07-09 15:50:27,-16.92,145.77,70.0,94,75,9.17
368,Ballina,AU,2020-07-09 15:53:45,-28.87,153.57,55.99,93,99,3.83
369,Bolshaya Martynovka,RU,2020-07-09 15:53:45,47.27,41.67,75.97,60,38,13.0
370,Edendale,ZA,2020-07-09 15:53:46,-29.65,30.31,68.0,54,0,5.75
371,Henties Bay,NA,2020-07-09 15:53:46,-22.12,14.28,57.99,82,1,5.01
372,Lhokseumawe,ID,2020-07-09 15:53:46,5.18,97.15,77.56,85,100,4.14
373,Port Hedland,AU,2020-07-09 15:51:00,-20.32,118.57,60.8,23,0,9.17
374,Buta,CD,2020-07-09 15:50:53,2.79,24.73,81.43,73,81,2.24
375,Pueblo Nuevo,MX,2020-07-09 15:53:46,23.38,-105.38,70.72,72,9,4.27
376,Ocher,RU,2020-07-09 15:53:46,57.89,54.72,79.12,75,0,4.36
377,Sabla,NG,2020-07-09 15:53:47,12.75,4.71,94.89,38,23,8.75
378,Kijang,KR,2020-07-09 15:53:47,35.24,129.21,73.4,83,90,9.17
379,Alto Araguaia,BR,2020-07-09 15:53:47,-17.31,-53.22,82.06,43,38,6.24
380,Te Anau,NZ,2020-07-09 15:51:21,-45.42,167.72,36.25,87,40,0.83
381,Balabac,PH,2020-07-09 15:53:48,7.99,117.06,82.94,78,100,10.42
382,Masalli,KR,2020-07-09 15:53:48,34.8,126.66,75.2,94,94,6.93
383,Sambava,MG,2020-07-09 15:53:48,-14.27,50.17,71.67,79,40,19.37
384,Vanimo,PG,2020-07-09 15:53:48,-2.67,141.3,78.26,86,92,7.14
385,Sola,VU,2020-07-09 15:53:48,-13.88,167.55,78.8,94,90,12.75
386,Uyuni,BO,2020-07-09 15:53:48,-20.46,-66.83,43.75,35,0,6.08
387,Freeport,US,2020-07-09 15:50:58,40.66,-73.58,88.0,62,20,8.05
388,Imbituba,BR,2020-07-09 15:51:50,-28.24,-48.67,64.4,52,24,4.7
389,Kabanjahe,ID,2020-07-09 15:53:49,3.1,98.49,80.6,88,40,5.82
390,Byron Bay,AU,2020-07-09 15:53:49,-28.65,153.62,55.99,93,98,4.59
391,Shingu,JP,2020-07-09 15:51:21,33.73,135.98,71.55,93,100,3.94
392,Oistins,BB,2020-07-09 15:53:49,13.07,-59.53,87.8,62,20,21.92
393,Port Shepstone,ZA,2020-07-09 15:53:49,-30.74,30.45,69.64,63,0,4.81
394,Aklavik,CA,2020-07-09 15:47:33,68.22,-135.01,42.8,100,90,6.93
395,Marsta,SE,2020-07-09 15:53:50,59.62,17.85,68.0,51,55,11.41
396,Vryburg,ZA,2020-07-09 15:53:50,-26.96,24.73,62.46,43,0,11.27
397,Pisco,PE,2020-07-09 15:53:50,-13.7,-76.22,63.0,77,90,4.7
398,Ancud,CL,2020-07-09 15:51:04,-41.87,-73.82,51.01,93,20,4.7
399,Minot,US,2020-07-09 15:53:04,48.23,-101.3,64.4,68,75,18.34
400,Sur,OM,2020-07-09 15:53:51,22.57,59.53,90.63,50,100,14.65
401,Tomisato,JP,2020-07-09 15:53:51,35.73,140.34,73.4,100,75,5.82
402,Tuatapere,NZ,2020-07-09 15:51:19,-46.13,167.68,45.05,81,91,8.1
403,Beeskow,DE,2020-07-09 15:53:51,52.17,14.25,70.0,23,84,3.0
404,Robertsport,LR,2020-07-09 15:53:51,6.75,-11.37,78.17,84,70,14.03
405,Tadine,NC,2020-07-09 15:53:51,-21.55,167.88,67.78,79,63,20.31
406,Ostrov,RU,2020-07-09 15:53:52,57.34,28.35,66.2,45,50,11.18
407,Wellington,NZ,2020-07-09 15:53:52,-41.29,174.78,48.2,81,26,6.93
408,Dukat,RU,2020-07-09 15:53:52,62.55,155.55,48.49,95,92,4.52
409,Dunedin,NZ,2020-07-09 15:50:14,-45.87,170.5,46.0,84,63,1.99
410,Beringovskiy,RU,2020-07-09 15:53:52,63.05,179.32,53.58,75,97,2.93
411,Nemuro,JP,2020-07-09 15:50:55,43.32,145.57,57.76,97,31,2.95
412,Cherskiy,RU,2020-07-09 15:50:10,68.75,161.3,55.76,89,97,3.02
413,Port-Gentil,GA,2020-07-09 15:50:41,-0.72,8.78,78.8,78,75,12.75
414,Coquimbo,CL,2020-07-09 15:51:20,-29.95,-71.34,55.4,66,0,8.05
415,Lagoa,PT,2020-07-09 15:50:47,39.05,-27.98,68.7,73,23,3.94
416,Galle,LK,2020-07-09 15:52:20,6.04,80.22,80.6,85,94,9.84
417,Narsaq,GL,2020-07-09 15:50:10,60.92,-46.05,48.2,81,75,10.29
418,Taywarah,AF,2020-07-09 15:53:54,33.35,64.42,61.45,31,0,11.36
419,Mayo,US,2020-07-09 15:51:13,38.89,-76.51,84.0,78,40,5.82
420,Port Hardy,CA,2020-07-09 15:50:57,50.7,-127.42,55.4,100,75,2.24
421,Takoradi,GH,2020-07-09 15:50:43,4.88,-1.76,79.16,79,86,12.44
422,Disna,BY,2020-07-09 15:53:54,55.57,28.2,63.14,71,11,6.93
423,Korcula,HR,2020-07-09 15:53:54,42.96,17.14,93.2,23,0,11.41
424,Novyy Urgal,RU,2020-07-09 15:53:54,51.07,132.56,50.27,94,15,0.31
425,Ulaangom,MN,2020-07-09 15:53:55,49.98,92.07,67.69,43,98,7.67
426,Kjopsvik,NO,2020-07-09 15:53:55,68.1,16.37,57.2,50,75,11.41
427,Medicine Hat,CA,2020-07-09 15:50:21,50.05,-110.67,61.0,87,20,5.82
428,Rocha,UY,2020-07-09 15:49:26,-34.48,-54.33,51.76,66,10,15.73
429,Rudnya,RU,2020-07-09 15:53:55,54.95,31.09,62.6,51,75,13.42
430,Pervomayskoye,RU,2020-07-09 15:53:55,43.92,46.71,88.39,42,74,10.4
431,Kuytun,RU,2020-07-09 15:53:55,54.34,101.5,59.31,90,78,2.1
432,Port-Cartier,CA,2020-07-09 15:53:56,50.03,-66.87,64.4,88,90,6.93
433,Hanover,DE,2020-07-09 15:49:28,52.37,9.73,68.0,77,75,19.46
434,Lake Havasu City,US,2020-07-09 15:51:16,34.48,-114.32,95.0,9,1,16.11
435,Manitouwadge,CA,2020-07-09 15:53:56,49.12,-85.84,64.4,93,90,2.24
436,Am Timan,TD,2020-07-09 15:53:56,11.03,20.28,76.69,79,99,2.64
437,Upata,VE,2020-07-09 15:53:56,8.01,-62.4,84.99,75,11,1.99
438,Sandnessjoen,NO,2020-07-09 15:53:57,66.02,12.63,55.4,71,40,5.82
439,Brufut,GM,2020-07-09 15:53:57,13.38,-16.75,91.4,63,75,13.87
440,Laguna,US,2020-07-09 15:50:31,38.42,-121.42,69.01,72,1,3.96
441,Xining,CN,2020-07-09 15:50:40,36.62,101.77,57.24,61,100,4.14
442,Porto Novo,BJ,2020-07-09 15:53:57,6.5,2.6,78.8,88,40,11.41
443,Great Bend,US,2020-07-09 15:50:49,38.36,-98.76,80.01,69,1,21.92
444,Ebnat-Kappel,CH,2020-07-09 15:53:57,47.26,9.12,84.99,46,39,3.0
445,Owo,NG,2020-07-09 15:53:57,7.2,5.59,77.25,87,95,7.78
446,Ravar,IR,2020-07-09 15:51:23,31.27,56.81,90.01,11,0,8.63
447,Camocim,BR,2020-07-09 15:53:58,-2.9,-40.84,88.14,56,0,10.11
448,Mana,GF,2020-07-09 15:50:45,5.66,-53.78,82.92,76,75,5.26
449,Alamogordo,US,2020-07-09 15:53:58,32.9,-105.96,91.99,21,1,5.82
450,Sabha,LY,2020-07-09 15:53:58,27.04,14.43,97.7,11,0,11.34
451,Jingdezhen,CN,2020-07-09 15:53:58,29.29,117.21,75.65,96,85,2.73
452,Coos Bay,US,2020-07-09 15:53:58,43.37,-124.22,61.0,87,90,5.82
453,Xuddur,SO,2020-07-09 15:53:59,4.12,43.89,82.09,54,53,14.45
454,Nabire,ID,2020-07-09 15:51:30,-3.37,135.48,76.42,86,19,3.29
455,Fuling,CN,2020-07-09 15:53:59,29.7,107.39,79.07,81,99,2.57
456,Pangai,TO,2020-07-09 15:50:37,-19.8,-174.35,75.74,82,100,20.11
457,Kaeo,NZ,2020-07-09 15:53:59,-35.1,173.78,41.0,3,0,5.01
458,Igrim,RU,2020-07-09 15:50:30,63.19,64.42,75.18,69,2,7.85
459,Khomeyn,IR,2020-07-09 15:53:59,33.64,50.08,83.88,15,72,12.01
460,Acton Vale,CA,2020-07-09 15:54:00,45.65,-72.57,86.0,66,36,1.99
461,Kasempa,ZM,2020-07-09 15:54:00,-13.46,25.83,70.45,34,0,4.25
462,Mount Isa,AU,2020-07-09 15:51:46,-20.73,139.5,57.2,67,6,3.36
463,Helena,US,2020-07-09 15:54:00,46.59,-112.04,59.0,62,1,1.77
464,Paamiut,GL,2020-07-09 15:54:00,61.99,-49.67,45.84,87,93,27.92
465,Lorengau,PG,2020-07-09 15:50:46,-2.02,147.27,82.35,77,89,9.89
466,Avera,US,2020-07-09 15:54:00,33.19,-82.53,82.4,83,75,5.82
467,Lagunas,PE,2020-07-09 15:54:01,-5.23,-75.68,89.04,56,3,0.85
468,Ampanihy,MG,2020-07-09 15:54:01,-24.7,44.75,71.98,45,0,12.19
469,Kommunisticheskiy,RU,2020-07-09 15:54:01,61.68,64.48,82.11,50,6,7.27
470,Nanortalik,GL,2020-07-09 15:50:16,60.14,-45.24,46.2,93,100,14.47
471,Merauke,ID,2020-07-09 15:54:01,-8.47,140.33,77.7,87,84,16.26
472,Berlevag,NO,2020-07-09 15:51:11,70.86,29.09,48.2,93,75,11.41
473,Aloleng,PH,2020-07-09 15:54:01,16.13,119.78,84.36,73,76,4.83
474,Banposh,IN,2020-07-09 15:54:02,22.25,84.8,83.8,66,100,3.06
475,Myaundzha,RU,2020-07-09 15:54:02,63.05,147.19,49.39,77,100,7.27
476,Kyshtovka,RU,2020-07-09 15:54:02,56.55,76.63,68.0,95,76,9.04
477,Belaya Gora,RU,2020-07-09 15:50:14,68.53,146.42,49.66,85,9,0.89
478,Meadow Lake,US,2020-07-09 15:54:02,34.8,-106.54,88.0,21,40,8.05
479,Havelock,US,2020-07-09 15:50:27,34.88,-76.9,82.99,83,90,17.22
480,Ahuimanu,US,2020-07-09 15:54:03,21.44,-157.84,77.0,78,20,10.29
481,Pontianak,ID,2020-07-09 15:54:03,-0.03,109.33,74.75,93,100,1.34
482,Nishihara,JP,2020-07-09 15:54:03,26.18,127.76,82.4,88,40,10.29
483,Buraydah,SA,2020-07-09 15:54:03,26.33,43.98,104.0,16,3,17.22
484,Maputo,MZ,2020-07-09 15:54:03,-25.97,32.59,75.2,50,0,9.17
485,Pindwara,IN,2020-07-09 15:54:03,24.8,73.07,85.75,64,76,9.91
486,Mashhad,IR,2020-07-09 15:54:04,36.3,59.61,86.0,17,0,6.93
487,Saurimo,AO,2020-07-09 15:54:04,-9.66,20.39,87.8,25,0,2.77
488,Sungaipenuh,ID,2020-07-09 15:54:04,-2.08,101.38,64.96,96,100,2.28
489,Havre-Saint-Pierre,CA,2020-07-09 15:54:05,50.23,-63.6,64.4,82,90,2.24
490,Lazaro Cardenas,MX,2020-07-09 15:53:26,17.96,-102.2,84.45,62,95,2.35
491,Iqaluit,CA,2020-07-09 15:50:12,63.75,-68.51,42.8,93,90,6.93
492,Tigil,RU,2020-07-09 15:54:05,57.8,158.67,55.76,98,100,2.64
493,Simdega,IN,2020-07-09 15:54:05,22.62,84.52,79.14,82,100,4.68
494,Oktyabrskiy,RU,2020-07-09 15:51:10,54.48,53.47,78.39,74,0,2.24
495,Kadrina,EE,2020-07-09 15:54:05,59.33,26.14,59.04,77,54,8.12
496,Colomi,BO,2020-07-09 15:54:06,-17.35,-65.87,57.2,14,12,1.63
497,Saint-Medard-En-Jalles,FR,2020-07-09 15:54:06,44.9,-0.72,93.99,35,0,12.75
498,Xiaoweizhai,CN,2020-07-09 15:54:06,26.19,107.51,71.4,93,100,1.99
499,Almeria,ES,2020-07-09 15:54:06,37.17,-2.33,87.01,69,20,11.41
500,Songkhla,TH,2020-07-09 15:54:06,6.83,100.67,78.8,88,75,3.36
501,Sao Joao Da Barra,BR,2020-07-09 15:51:17,-21.64,-41.05,87.8,37,0,9.17
502,Pimenta Bueno,BR,2020-07-09 15:54:07,-11.67,-61.19,91.22,37,0,3.74
503,Mogadishu,SO,2020-07-09 15:50:18,2.04,45.34,78.57,82,18,14.23
504,Muhos,FI,2020-07-09 15:54:07,64.81,25.99,57.2,82,100,5.82
505,Abashiri,JP,2020-07-09 15:54:07,44.02,144.27,64.0,82,97,5.01
506,Chapada Dos Guimaraes,BR,2020-07-09 15:54:07,-15.46,-55.75,66.2,68,90,8.05
507,Kaliningrad,RU,2020-07-09 15:51:51,54.71,20.51,66.2,59,63,6.71
508,Suntar,RU,2020-07-09 15:54:08,62.14,117.63,57.87,95,47,4.81
509,Le Port,RE,2020-07-09 15:54:08,-20.94,55.29,69.8,68,20,13.87
510,Gizo,SB,2020-07-09 15:54:08,-8.1,156.84,82.04,79,89,14.18
511,Presidencia Roque Saenz Pena,AR,2020-07-09 15:54:08,-26.79,-60.44,60.91,48,0,4.29
512,Lesosibirsk,RU,2020-07-09 15:54:08,58.24,92.48,53.8,85,19,2.98
513,Deputatskiy,RU,2020-07-09 15:50:17,69.3,139.9,41.36,96,5,1.77
514,Pasighat,IN,2020-07-09 15:54:09,28.07,95.33,77.07,88,100,2.71
515,Caravelas,BR,2020-07-09 15:51:44,-17.71,-39.25,82.33,55,0,6.91
516,Kendari,ID,2020-07-09 15:54:09,-3.94,122.5,74.17,93,93,2.44
517,Lincoln,US,2020-07-09 15:49:30,40.8,-96.67,75.99,69,1,14.99
518,Serowe,BW,2020-07-09 15:54:10,-22.38,26.72,63.03,52,48,5.44
519,Yangambi,CD,2020-07-09 15:54:10,0.81,24.43,81.73,67,73,0.6
520,Soyo,AO,2020-07-09 15:51:29,-6.13,12.37,78.8,74,75,6.93
521,Lima,PE,2020-07-09 15:50:03,-12.04,-77.03,60.8,82,90,3.36
522,Biloela,AU,2020-07-09 15:54:10,-24.42,150.5,55.76,89,1,9.31
523,Biltine,TD,2020-07-09 15:54:10,14.53,20.92,81.07,57,100,22.06
524,Montana,BG,2020-07-09 15:54:10,43.41,23.23,80.28,46,1,0.78
525,Dubbo,AU,2020-07-09 15:54:11,-32.25,148.62,44.6,87,100,6.93
526,Aleksandrovskoye,RU,2020-07-09 15:54:11,44.71,43.0,82.4,51,40,11.18
527,Porto Murtinho,BR,2020-07-09 15:54:11,-21.7,-57.88,70.32,44,8,5.26
528,Neiafu,TO,2020-07-09 15:54:11,-18.65,-173.98,73.4,94,40,17.07
529,San Carlos De Bariloche,AR,2020-07-09 15:54:11,-41.15,-71.31,35.6,93,90,23.04
530,Jeremie,HT,2020-07-09 15:54:11,18.65,-74.12,87.13,65,23,6.93
531,Poum,NC,2020-07-09 15:54:12,-20.23,164.02,69.48,70,20,11.81
532,Cap Malheureux,MU,2020-07-09 15:51:02,-19.98,57.61,72.0,59,38,5.99
533,Huarmey,PE,2020-07-09 15:54:12,-10.07,-78.15,67.1,66,44,10.45
534,Indian Head,US,2020-07-09 15:50:38,38.6,-77.16,87.01,69,75,3.36
535,Asau,RO,2020-07-09 15:50:25,46.43,26.4,73.0,74,77,2.37
536,Vila Do Maio,CV,2020-07-09 15:54:12,15.13,-23.22,86.0,62,20,16.11
537,Bell Ville,AR,2020-07-09 15:54:13,-32.63,-62.69,57.0,49,14,5.99
538,Codrington,AU,2020-07-09 15:50:48,-38.27,141.97,43.77,80,100,8.55
539,San Quintin,MX,2020-07-09 15:50:28,30.48,-115.95,69.35,71,71,8.34
540,Sembakung,ID,2020-07-09 15:54:13,3.82,117.25,74.21,93,100,1.97
541,Gundorovskiy,RU,2020-07-09 15:54:13,46.78,41.9,76.75,62,17,12.15
542,Alyangula,AU,2020-07-09 15:54:13,-13.85,136.42,71.6,94,12,11.34
543,Yulara,AU,2020-07-09 15:51:20,-25.24,130.99,46.4,31,19,3.31
544,Lata,PT,2020-07-09 15:50:53,40.16,-8.33,86.0,48,0,10.31
545,Kenai,US,2020-07-09 15:54:14,60.55,-151.26,55.0,93,90,3.04
546,Chicama,PE,2020-07-09 15:51:02,-7.84,-79.15,70.84,57,88,9.53
547,Luanda,AO,2020-07-09 15:50:15,-8.84,13.23,77.0,69,40,9.17
